model,accuracy,precision,recall,f1,pairwise_accuracy,strict_pairwise_accuracy,num_pairs,num_pointwise_examples
Week 10 Baseline,0.8076923076923077,0.9444444444444444,0.6538461538461539,0.7727272727272727,0.6153846153846154,0.6153846153846154,26,52
Prompted Judge,0.8846153846153846,1.0,0.7692307692307693,0.8695652173913043,1.0,0.7692307692307693,26,52
Fine-Tuned DPO Judge,0.9615384615384616,0.9615384615384616,0.9615384615384616,0.9615384615384616,0.9615384615384616,0.9615384615384616,26,52
